{
  "mode": "holdout",
  "tta": false,
  "n_val": 5350,
  "macro_f1": 0.5973158571471949,
  "report": {
    "BA": {
      "precision": 0.9259259259259259,
      "recall": 0.8333333333333334,
      "f1-score": 0.8771929824561403,
      "support": 60.0
    },
    "BL": {
      "precision": 0.897172236503856,
      "recall": 0.8470873786407767,
      "f1-score": 0.8714107365792759,
      "support": 412.0
    },
    "BNE": {
      "precision": 0.46153846153846156,
      "recall": 0.08450704225352113,
      "f1-score": 0.14285714285714285,
      "support": 71.0
    },
    "EO": {
      "precision": 0.9213483146067416,
      "recall": 0.9704142011834319,
      "f1-score": 0.9452449567723343,
      "support": 169.0
    },
    "LY": {
      "precision": 0.9286585365853659,
      "recall": 0.9694462126034373,
      "f1-score": 0.9486141388975398,
      "support": 1571.0
    },
    "MMY": {
      "precision": 0.3055555555555556,
      "recall": 0.23404255319148937,
      "f1-score": 0.26506024096385544,
      "support": 47.0
    },
    "MO": {
      "precision": 0.825147347740668,
      "recall": 0.9012875536480687,
      "f1-score": 0.8615384615384616,
      "support": 466.0
    },
    "MY": {
      "precision": 0.5466666666666666,
      "recall": 0.5466666666666666,
      "f1-score": 0.5466666666666666,
      "support": 75.0
    },
    "PC": {
      "precision": 0.8888888888888888,
      "recall": 0.25,
      "f1-score": 0.3902439024390244,
      "support": 32.0
    },
    "PLY": {
      "precision": 0.0,
      "recall": 0.0,
      "f1-score": 0.0,
      "support": 1.0
    },
    "PMY": {
      "precision": 0.5454545454545454,
      "recall": 0.35294117647058826,
      "f1-score": 0.42857142857142855,
      "support": 34.0
    },
    "SNE": {
      "precision": 0.9672479795831561,
      "recall": 0.9861231569817867,
      "f1-score": 0.976594374060554,
      "support": 2306.0
    },
    "VLY": {
      "precision": 0.6216216216216216,
      "recall": 0.4339622641509434,
      "f1-score": 0.5111111111111111,
      "support": 106.0
    },
    "accuracy": 0.9166355140186916,
    "macro avg": {
      "precision": 0.6796327754362655,
      "recall": 0.5699855030095418,
      "f1-score": 0.5973158571471949,
      "support": 5350.0
    },
    "weighted avg": {
      "precision": 0.9076309496948289,
      "recall": 0.9166355140186916,
      "f1-score": 0.9084136937713202,
      "support": 5350.0
    }
  },
  "run_name": "vit_base_holdout",
  "timestamp": "2026-07-02T03:56:59"
}