{
  "mode": "holdout",
  "tta": false,
  "n_val": 5350,
  "macro_f1": 0.6969788485704432,
  "report": {
    "BA": {
      "precision": 0.9491525423728814,
      "recall": 0.9333333333333333,
      "f1-score": 0.9411764705882353,
      "support": 60.0
    },
    "BL": {
      "precision": 0.916256157635468,
      "recall": 0.9029126213592233,
      "f1-score": 0.9095354523227384,
      "support": 412.0
    },
    "BNE": {
      "precision": 0.5277777777777778,
      "recall": 0.2676056338028169,
      "f1-score": 0.35514018691588783,
      "support": 71.0
    },
    "EO": {
      "precision": 0.9382022471910112,
      "recall": 0.9881656804733728,
      "f1-score": 0.962536023054755,
      "support": 169.0
    },
    "LY": {
      "precision": 0.9390394088669951,
      "recall": 0.9707192870782941,
      "f1-score": 0.9546165884194053,
      "support": 1571.0
    },
    "MMY": {
      "precision": 0.4782608695652174,
      "recall": 0.46808510638297873,
      "f1-score": 0.4731182795698925,
      "support": 47.0
    },
    "MO": {
      "precision": 0.8909090909090909,
      "recall": 0.9463519313304721,
      "f1-score": 0.9177939646201873,
      "support": 466.0
    },
    "MY": {
      "precision": 0.6721311475409836,
      "recall": 0.5466666666666666,
      "f1-score": 0.6029411764705882,
      "support": 75.0
    },
    "PC": {
      "precision": 1.0,
      "recall": 0.71875,
      "f1-score": 0.8363636363636363,
      "support": 32.0
    },
    "PLY": {
      "precision": 0.0,
      "recall": 0.0,
      "f1-score": 0.0,
      "support": 1.0
    },
    "PMY": {
      "precision": 0.7894736842105263,
      "recall": 0.4411764705882353,
      "f1-score": 0.5660377358490566,
      "support": 34.0
    },
    "SNE": {
      "precision": 0.9755784061696658,
      "recall": 0.9874241110147441,
      "f1-score": 0.9814655172413793,
      "support": 2306.0
    },
    "VLY": {
      "precision": 0.7101449275362319,
      "recall": 0.46226415094339623,
      "f1-score": 0.56,
      "support": 106.0
    },
    "accuracy": 0.9358878504672897,
    "macro avg": {
      "precision": 0.7528404815212191,
      "recall": 0.6641119225364256,
      "f1-score": 0.6969788485704432,
      "support": 5350.0
    },
    "weighted avg": {
      "precision": 0.9303848613689275,
      "recall": 0.9358878504672897,
      "f1-score": 0.9313201744290919,
      "support": 5350.0
    }
  },
  "run_name": "resnet18_holdout",
  "timestamp": "2026-07-02T01:33:51"
}