{
  "mode": "kfold",
  "k": 5,
  "tta": true,
  "fold_macro_f1": [
    0.6473680261760715,
    0.6566098773435093,
    0.6644612420318355,
    0.6811712088676949,
    0.6238388987820578
  ],
  "mean_macro_f1": 0.6546898506402338,
  "std_macro_f1": 0.01900431145756026,
  "oof_macro_f1": 0.6576916913711255,
  "folds": [
    {
      "fold": 0,
      "n_val": 7707,
      "macro_f1": 0.6473680261760715,
      "report": {
        "BA": {
          "precision": 0.9357798165137615,
          "recall": 0.918918918918919,
          "f1-score": 0.9272727272727272,
          "support": 111.0
        },
        "BL": {
          "precision": 0.8568807339449541,
          "recall": 0.871268656716418,
          "f1-score": 0.8640148011100832,
          "support": 536.0
        },
        "BNE": {
          "precision": 0.5,
          "recall": 0.21153846153846154,
          "f1-score": 0.2972972972972973,
          "support": 104.0
        },
        "EO": {
          "precision": 0.9776785714285714,
          "recall": 0.9521739130434783,
          "f1-score": 0.9647577092511013,
          "support": 230.0
        },
        "LY": {
          "precision": 0.9407507914970602,
          "recall": 0.9629629629629629,
          "f1-score": 0.951727293525509,
          "support": 2160.0
        },
        "MMY": {
          "precision": 0.40476190476190477,
          "recall": 0.3541666666666667,
          "f1-score": 0.37777777777777777,
          "support": 96.0
        },
        "MO": {
          "precision": 0.8737997256515775,
          "recall": 0.869031377899045,
          "f1-score": 0.8714090287277702,
          "support": 733.0
        },
        "MY": {
          "precision": 0.5476190476190477,
          "recall": 0.5847457627118644,
          "f1-score": 0.5655737704918032,
          "support": 118.0
        },
        "PC": {
          "precision": 0.6923076923076923,
          "recall": 0.5,
          "f1-score": 0.5806451612903226,
          "support": 18.0
        },
        "PLY": {
          "precision": 0.0,
          "recall": 0.0,
          "f1-score": 0.0,
          "support": 3.0
        },
        "PMY": {
          "precision": 0.7,
          "recall": 0.4666666666666667,
          "f1-score": 0.56,
          "support": 30.0
        },
        "SNE": {
          "precision": 0.9677966101694915,
          "recall": 0.9870354364736387,
          "f1-score": 0.97732135216089,
          "support": 3471.0
        },
        "VLY": {
          "precision": 0.6129032258064516,
          "recall": 0.3917525773195876,
          "f1-score": 0.4779874213836478,
          "support": 97.0
        },
        "accuracy": 0.9234462177241469,
        "macro avg": {
          "precision": 0.6930983169000394,
          "recall": 0.6207893385321314,
          "f1-score": 0.6473680261760715,
          "support": 7707.0
        },
        "weighted avg": {
          "precision": 0.9171083416026483,
          "recall": 0.9234462177241469,
          "f1-score": 0.918934650052432,
          "support": 7707.0
        }
      }
    },
    {
      "fold": 1,
      "n_val": 7707,
      "macro_f1": 0.6566098773435093,
      "report": {
        "BA": {
          "precision": 0.9026548672566371,
          "recall": 0.918918918918919,
          "f1-score": 0.9107142857142857,
          "support": 111.0
        },
        "BL": {
          "precision": 0.9040307101727447,
          "recall": 0.8770949720670391,
          "f1-score": 0.8903591682419659,
          "support": 537.0
        },
        "BNE": {
          "precision": 0.40476190476190477,
          "recall": 0.16346153846153846,
          "f1-score": 0.2328767123287671,
          "support": 104.0
        },
        "EO": {
          "precision": 0.9557522123893806,
          "recall": 0.9391304347826087,
          "f1-score": 0.9473684210526315,
          "support": 230.0
        },
        "LY": {
          "precision": 0.9483227561196736,
          "recall": 0.9685185185185186,
          "f1-score": 0.9583142464498396,
          "support": 2160.0
        },
        "MMY": {
          "precision": 0.4421052631578947,
          "recall": 0.4375,
          "f1-score": 0.4397905759162304,
          "support": 96.0
        },
        "MO": {
          "precision": 0.8789893617021277,
          "recall": 0.9030054644808743,
          "f1-score": 0.8908355795148248,
          "support": 732.0
        },
        "MY": {
          "precision": 0.5855855855855856,
          "recall": 0.5508474576271186,
          "f1-score": 0.5676855895196506,
          "support": 118.0
        },
        "PC": {
          "precision": 0.9333333333333333,
          "recall": 0.7777777777777778,
          "f1-score": 0.8484848484848485,
          "support": 18.0
        },
        "PLY": {
          "precision": 0.0,
          "recall": 0.0,
          "f1-score": 0.0,
          "support": 3.0
        },
        "PMY": {
          "precision": 0.47058823529411764,
          "recall": 0.26666666666666666,
          "f1-score": 0.3404255319148936,
          "support": 30.0
        },
        "SNE": {
          "precision": 0.9699631623689431,
          "recall": 0.986171132238548,
          "f1-score": 0.978,
          "support": 3471.0
        },
        "VLY": {
          "precision": 0.5875,
          "recall": 0.4845360824742268,
          "f1-score": 0.5310734463276836,
          "support": 97.0
        },
        "accuracy": 0.928766056831452,
        "macro avg": {
          "precision": 0.6910451840109495,
          "recall": 0.6364329972318334,
          "f1-score": 0.6566098773435093,
          "support": 7707.0
        },
        "weighted avg": {
          "precision": 0.9219622787804826,
          "recall": 0.928766056831452,
          "f1-score": 0.924383145568478,
          "support": 7707.0
        }
      }
    },
    {
      "fold": 2,
      "n_val": 7707,
      "macro_f1": 0.6644612420318355,
      "report": {
        "BA": {
          "precision": 0.9805825242718447,
          "recall": 0.9099099099099099,
          "f1-score": 0.9439252336448598,
          "support": 111.0
        },
        "BL": {
          "precision": 0.8542435424354243,
          "recall": 0.8621973929236499,
          "f1-score": 0.8582020389249305,
          "support": 537.0
        },
        "BNE": {
          "precision": 0.391304347826087,
          "recall": 0.17142857142857143,
          "f1-score": 0.23841059602649006,
          "support": 105.0
        },
        "EO": {
          "precision": 0.968609865470852,
          "recall": 0.9432314410480349,
          "f1-score": 0.9557522123893806,
          "support": 229.0
        },
        "LY": {
          "precision": 0.9344484629294756,
          "recall": 0.9569444444444445,
          "f1-score": 0.9455626715462031,
          "support": 2160.0
        },
        "MMY": {
          "precision": 0.4528301886792453,
          "recall": 0.25,
          "f1-score": 0.3221476510067114,
          "support": 96.0
        },
        "MO": {
          "precision": 0.8428390367553865,
          "recall": 0.9084699453551912,
          "f1-score": 0.8744247205785667,
          "support": 732.0
        },
        "MY": {
          "precision": 0.6078431372549019,
          "recall": 0.5299145299145299,
          "f1-score": 0.5662100456621004,
          "support": 117.0
        },
        "PC": {
          "precision": 0.8888888888888888,
          "recall": 0.4444444444444444,
          "f1-score": 0.5925925925925926,
          "support": 18.0
        },
        "PLY": {
          "precision": 1.0,
          "recall": 0.3333333333333333,
          "f1-score": 0.5,
          "support": 3.0
        },
        "PMY": {
          "precision": 0.4375,
          "recall": 0.23333333333333334,
          "f1-score": 0.30434782608695654,
          "support": 30.0
        },
        "SNE": {
          "precision": 0.9672408924032759,
          "recall": 0.9867473350619418,