{
  "mode": "holdout",
  "tta": false,
  "n_val": 5350,
  "macro_f1": 0.6458833292570199,
  "report": {
    "BA": {
      "precision": 0.9482758620689655,
      "recall": 0.9166666666666666,
      "f1-score": 0.9322033898305084,
      "support": 60.0
    },
    "BL": {
      "precision": 0.9102902374670184,
      "recall": 0.837378640776699,
      "f1-score": 0.8723135271807838,
      "support": 412.0
    },
    "BNE": {
      "precision": 0.2558139534883721,
      "recall": 0.15492957746478872,
      "f1-score": 0.19298245614035087,
      "support": 71.0
    },
    "EO": {
      "precision": 0.9421965317919075,
      "recall": 0.9644970414201184,
      "f1-score": 0.9532163742690059,
      "support": 169.0
    },
    "LY": {
      "precision": 0.9301470588235294,
      "recall": 0.9662635264162953,
      "f1-score": 0.9478613799562909,
      "support": 1571.0
    },
    "MMY": {
      "precision": 0.3333333333333333,
      "recall": 0.2978723404255319,
      "f1-score": 0.3146067415730337,
      "support": 47.0
    },
    "MO": {
      "precision": 0.823076923076923,
      "recall": 0.9184549356223176,
      "f1-score": 0.8681541582150102,
      "support": 466.0
    },
    "MY": {
      "precision": 0.582089552238806,
      "recall": 0.52,
      "f1-score": 0.5492957746478874,
      "support": 75.0
    },
    "PC": {
      "precision": 0.9444444444444444,
      "recall": 0.53125,
      "f1-score": 0.68,
      "support": 32.0
    },
    "PLY": {
      "precision": 0.0,
      "recall": 0.0,
      "f1-score": 0.0,
      "support": 1.0
    },
    "PMY": {
      "precision": 0.7307692307692307,
      "recall": 0.5588235294117647,
      "f1-score": 0.6333333333333333,
      "support": 34.0
    },
    "SNE": {
      "precision": 0.9682539682539683,
      "recall": 0.9787510841283608,
      "f1-score": 0.9734742290273884,
      "support": 2306.0
    },
    "VLY": {
      "precision": 0.6557377049180327,
      "recall": 0.37735849056603776,
      "f1-score": 0.47904191616766467,
      "support": 106.0
    },
    "accuracy": 0.9170093457943925,
    "macro avg": {
      "precision": 0.6941868308211178,
      "recall": 0.6170958332998908,
      "f1-score": 0.6458833292570199,
      "support": 5350.0
    },
    "weighted avg": {
      "precision": 0.9104371245541276,
      "recall": 0.9170093457943925,
      "f1-score": 0.9118986565237488,
      "support": 5350.0
    }
  },
  "run_name": "vit_small_holdout",
  "timestamp": "2026-07-02T03:14:08"
}