{
  "mode": "kfold",
  "k": 5,
  "tta": true,
  "fold_macro_f1": [
    0.7138091975902908,
    0.7124511227249392,
    0.6593759291979947,
    0.6983373960542801,
    0.6753097869930518
  ],
  "mean_macro_f1": 0.6918566865121113,
  "std_macro_f1": 0.02133936560033676,
  "oof_macro_f1": 0.6937279615546399,
  "folds": [
    {
      "fold": 0,
      "n_val": 7707,
      "macro_f1": 0.7138091975902908,
      "report": {
        "BA": {
          "precision": 0.9528301886792453,
          "recall": 0.9099099099099099,
          "f1-score": 0.9308755760368663,
          "support": 111.0
        },
        "BL": {
          "precision": 0.8581436077057794,
          "recall": 0.914179104477612,
          "f1-score": 0.8852755194218609,
          "support": 536.0
        },
        "BNE": {
          "precision": 0.4406779661016949,
          "recall": 0.25,
          "f1-score": 0.31901840490797545,
          "support": 104.0
        },
        "EO": {
          "precision": 0.990909090909091,
          "recall": 0.9478260869565217,
          "f1-score": 0.9688888888888889,
          "support": 230.0
        },
        "LY": {
          "precision": 0.9493382017343679,
          "recall": 0.9629629629629629,
          "f1-score": 0.95610204550678,
          "support": 2160.0
        },
        "MMY": {
          "precision": 0.4875,
          "recall": 0.40625,
          "f1-score": 0.4431818181818182,
          "support": 96.0
        },
        "MO": {
          "precision": 0.8704453441295547,
          "recall": 0.8799454297407913,
          "f1-score": 0.8751696065128901,
          "support": 733.0
        },
        "MY": {
          "precision": 0.6320754716981132,
          "recall": 0.5677966101694916,
          "f1-score": 0.5982142857142857,
          "support": 118.0
        },
        "PC": {
          "precision": 0.6666666666666666,
          "recall": 0.5555555555555556,
          "f1-score": 0.6060606060606061,
          "support": 18.0
        },
        "PLY": {
          "precision": 1.0,
          "recall": 0.3333333333333333,
          "f1-score": 0.5,
          "support": 3.0
        },
        "PMY": {
          "precision": 0.7619047619047619,
          "recall": 0.5333333333333333,
          "f1-score": 0.6274509803921569,
          "support": 30.0
        },
        "SNE": {
          "precision": 0.9693268957682477,
          "recall": 0.9832901181215788,
          "f1-score": 0.976258581235698,
          "support": 3471.0
        },
        "VLY": {
          "precision": 0.68,
          "recall": 0.5257731958762887,
          "f1-score": 0.5930232558139535,
          "support": 97.0
        },
        "accuracy": 0.928636304658103,
        "macro avg": {
          "precision": 0.7892167842536556,
          "recall": 0.6746273569567214,
          "f1-score": 0.7138091975902908,
          "support": 7707.0
        },
        "weighted avg": {
          "precision": 0.9235514961437223,
          "recall": 0.928636304658103,
          "f1-score": 0.9252654882103715,
          "support": 7707.0
        }
      }
    },
    {
      "fold": 1,
      "n_val": 7707,
      "macro_f1": 0.7124511227249392,
      "report": {
        "BA": {
          "precision": 0.9433962264150944,
          "recall": 0.9009009009009009,
          "f1-score": 0.9216589861751152,
          "support": 111.0
        },
        "BL": {
          "precision": 0.9015151515151515,
          "recall": 0.8864059590316573,
          "f1-score": 0.8938967136150234,
          "support": 537.0
        },
        "BNE": {
          "precision": 0.4426229508196721,
          "recall": 0.25961538461538464,
          "f1-score": 0.32727272727272727,
          "support": 104.0
        },
        "EO": {
          "precision": 0.9553571428571429,
          "recall": 0.9304347826086956,
          "f1-score": 0.9427312775330396,
          "support": 230.0
        },
        "LY": {
          "precision": 0.9485327313769751,
          "recall": 0.9726851851851852,
          "f1-score": 0.9604571428571429,
          "support": 2160.0
        },
        "MMY": {
          "precision": 0.4868421052631579,
          "recall": 0.3854166666666667,
          "f1-score": 0.43023255813953487,
          "support": 96.0
        },
        "MO": {
          "precision": 0.8890374331550802,
          "recall": 0.9084699453551912,
          "f1-score": 0.8986486486486487,
          "support": 732.0
        },
        "MY": {
          "precision": 0.6065573770491803,
          "recall": 0.6271186440677966,
          "f1-score": 0.6166666666666667,
          "support": 118.0
        },
        "PC": {
          "precision": 1.0,
          "recall": 0.7777777777777778,
          "f1-score": 0.875,
          "support": 18.0
        },
        "PLY": {
          "precision": 1.0,
          "recall": 0.3333333333333333,
          "f1-score": 0.5,
          "support": 3.0
        },
        "PMY": {
          "precision": 0.5263157894736842,
          "recall": 0.3333333333333333,
          "f1-score": 0.40816326530612246,
          "support": 30.0
        },
        "SNE": {
          "precision": 0.9713149673388242,
          "recall": 0.9853068280034573,
          "f1-score": 0.9782608695652174,
          "support": 3471.0
        },
        "VLY": {
          "precision": 0.5972222222222222,
          "recall": 0.44329896907216493,
          "f1-score": 0.5088757396449705,
          "support": 97.0
        },
        "accuracy": 0.9318801089918256,
        "macro avg": {
          "precision": 0.7899010844220142,
          "recall": 0.6726229007655035,
          "f1-score": 0.7124511227249392,
          "support": 7707.0
        },
        "weighted avg": {
          "precision": 0.9262574985794443,
          "recall": 0.9318801089918256,
          "f1-score": 0.9282545471313851,
          "support": 7707.0
        }
      }
    },
    {
      "fold": 2,
      "n_val": 7707,
      "macro_f1": 0.6593759291979947,
      "report": {
        "BA": {
          "precision": 0.9464285714285714,
          "recall": 0.954954954954955,
          "f1-score": 0.9506726457399103,
          "support": 111.0
        },
        "BL": {
          "precision": 0.8893058161350844,
          "recall": 0.88268156424581,
          "f1-score": 0.8859813084112149,
          "support": 537.0
        },
        "BNE": {
          "precision": 0.35294117647058826,
          "recall": 0.17142857142857143,
          "f1-score": 0.23076923076923078,
          "support": 105.0
        },
        "EO": {
          "precision": 0.9644444444444444,
          "recall": 0.9475982532751092,
          "f1-score": 0.9559471365638766,
          "support": 229.0
        },
        "LY": {
          "precision": 0.9436107321509777,
          "recall": 0.9606481481481481,
          "f1-score": 0.952053223216334,
          "support": 2160.0
        },
        "MMY": {
          "precision": 0.5125,
          "recall": 0.4270833333333333,
          "f1-score": 0.4659090909090909,
          "support": 96.0
        },
        "MO": {
          "precision": 0.8740053050397878,
          "recall": 0.9002732240437158,
          "f1-score": 0.8869448183041723,
          "support": 732.0
        },
        "MY": {
          "precision": 0.591304347826087,
          "recall": 0.5811965811965812,
          "f1-score": 0.5862068965517241,
          "support": 117.0
        },
        "PC": {
          "precision": 0.8333333333333334,
          "recall": 0.5555555555555556,
          "f1-score": 0.6666666666666666,
          "support": 18.0
        },
        "PLY": {
          "precision": 0.0,
          "recall": 0.0,
          "f1-score": 0.0,
          "support": 3.0
        },
        "PMY": {
          "precision": 0.7333333333333333,
          "recall": 0.36666666666666664,
          "f1-score": 0.4888888888888889,
          "support": 30.0
        },
        "SNE": {
          "precision": 0.968370516803163,