{
  "mode": "holdout",
  "tta": false,
  "n_val": 5350,
  "macro_f1": 0.5396194156604335,
  "report": {
    "BA": {
      "precision": 0.8947368421052632,
      "recall": 0.85,
      "f1-score": 0.8717948717948718,
      "support": 60.0
    },
    "BL": {
      "precision": 0.8704156479217604,
      "recall": 0.8640776699029126,
      "f1-score": 0.8672350791717418,
      "support": 412.0
    },
    "BNE": {
      "precision": 1.0,
      "recall": 0.014084507042253521,
      "f1-score": 0.027777777777777776,
      "support": 71.0
    },
    "EO": {
      "precision": 0.9415204678362573,
      "recall": 0.9526627218934911,
      "f1-score": 0.9470588235294117,
      "support": 169.0
    },
    "LY": {
      "precision": 0.9182200841852075,
      "recall": 0.9719923615531508,
      "f1-score": 0.9443413729128015,
      "support": 1571.0
    },
    "MMY": {
      "precision": 0.4666666666666667,
      "recall": 0.2978723404255319,
      "f1-score": 0.36363636363636365,
      "support": 47.0
    },
    "MO": {
      "precision": 0.8166023166023166,
      "recall": 0.907725321888412,
      "f1-score": 0.8597560975609756,
      "support": 466.0
    },
    "MY": {
      "precision": 0.5846153846153846,
      "recall": 0.5066666666666667,
      "f1-score": 0.5428571428571428,
      "support": 75.0
    },
    "PC": {
      "precision": 0.0,
      "recall": 0.0,
      "f1-score": 0.0,
      "support": 32.0
    },
    "PLY": {
      "precision": 0.0,
      "recall": 0.0,
      "f1-score": 0.0,
      "support": 1.0
    },
    "PMY": {
      "precision": 0.5384615384615384,
      "recall": 0.20588235294117646,
      "f1-score": 0.2978723404255319,
      "support": 34.0
    },
    "SNE": {
      "precision": 0.9628848587094053,
      "recall": 0.9900260190806591,
      "f1-score": 0.9762668377164849,
      "support": 2306.0
    },
    "VLY": {
      "precision": 0.4807692307692308,
      "recall": 0.2358490566037736,
      "f1-score": 0.31645569620253167,
      "support": 106.0
    },
    "accuracy": 0.9132710280373831,
    "macro avg": {
      "precision": 0.6519148490671562,
      "recall": 0.522833770615233,
      "f1-score": 0.5396194156604335,
      "support": 5350.0
    },
    "weighted avg": {
      "precision": 0.9011091683100291,
      "recall": 0.9132710280373831,
      "f1-score": 0.898801650950638,
      "support": 5350.0
    }
  },
  "run_name": "convnext_tiny_holdout",
  "timestamp": "2026-07-02T02:32:18"
}