{
  "mode": "kfold",
  "k": 5,
  "tta": true,
  "fold_macro_f1": [
    0.46604767550679316,
    0.5701070055397686,
    0.5718368017457732,
    0.5279683157166001,
    0.047762919732142244
  ],
  "mean_macro_f1": 0.43674454364821536,
  "std_macro_f1": 0.19825368511640046,
  "oof_macro_f1": 0.47888702072060485,
  "folds": [
    {
      "fold": 0,
      "n_val": 7707,
      "macro_f1": 0.46604767550679316,
      "report": {
        "BA": {
          "precision": 0.788135593220339,
          "recall": 0.8378378378378378,
          "f1-score": 0.8122270742358079,
          "support": 111.0
        },
        "BL": {
          "precision": 0.822141560798548,
          "recall": 0.8451492537313433,
          "f1-score": 0.8334866605335787,
          "support": 536.0
        },
        "BNE": {
          "precision": 0.0,
          "recall": 0.0,
          "f1-score": 0.0,
          "support": 104.0
        },
        "EO": {
          "precision": 0.9583333333333334,
          "recall": 0.9,
          "f1-score": 0.9282511210762332,
          "support": 230.0
        },
        "LY": {
          "precision": 0.9107065452969224,
          "recall": 0.9726851851851852,
          "f1-score": 0.9406760689500784,
          "support": 2160.0
        },
        "MMY": {
          "precision": 0.4,
          "recall": 0.125,
          "f1-score": 0.19047619047619047,
          "support": 96.0
        },
        "MO": {
          "precision": 0.8002436053593179,
          "recall": 0.8963165075034106,
          "f1-score": 0.8455598455598455,
          "support": 733.0
        },
        "MY": {
          "precision": 0.45454545454545453,
          "recall": 0.2966101694915254,
          "f1-score": 0.358974358974359,
          "support": 118.0
        },
        "PC": {
          "precision": 0.0,
          "recall": 0.0,
          "f1-score": 0.0,
          "support": 18.0
        },
        "PLY": {
          "precision": 0.0,
          "recall": 0.0,
          "f1-score": 0.0,
          "support": 3.0
        },
        "PMY": {
          "precision": 0.75,
          "recall": 0.1,
          "f1-score": 0.17647058823529413,
          "support": 30.0
        },
        "SNE": {
          "precision": 0.957298353335194,
          "recall": 0.9881878421204264,
          "f1-score": 0.9724978735469237,
          "support": 3471.0
        },
        "VLY": {
          "precision": 0.0,
          "recall": 0.0,
          "f1-score": 0.0,
          "support": 97.0
        },
        "accuracy": 0.907097443882185,
        "macro avg": {
          "precision": 0.5262618804530084,
          "recall": 0.4585989842976715,
          "f1-score": 0.46604767550679316,
          "support": 7707.0
        },
        "weighted avg": {
          "precision": 0.8744766112280655,
          "recall": 0.907097443882185,
          "f1-score": 0.8879639826436179,
          "support": 7707.0
        }
      }
    },
    {
      "fold": 1,
      "n_val": 7707,
      "macro_f1": 0.5701070055397686,
      "report": {
        "BA": {
          "precision": 0.9484536082474226,
          "recall": 0.8288288288288288,
          "f1-score": 0.8846153846153846,
          "support": 111.0
        },
        "BL": {
          "precision": 0.8537477148080439,
          "recall": 0.8696461824953445,
          "f1-score": 0.8616236162361623,
          "support": 537.0
        },
        "BNE": {
          "precision": 0.2857142857142857,
          "recall": 0.038461538461538464,
          "f1-score": 0.06779661016949153,
          "support": 104.0
        },
        "EO": {
          "precision": 0.9391304347826087,
          "recall": 0.9391304347826087,
          "f1-score": 0.9391304347826087,
          "support": 230.0
        },
        "LY": {
          "precision": 0.9430637144148215,
          "recall": 0.9662037037037037,
          "f1-score": 0.9544934827349646,
          "support": 2160.0
        },
        "MMY": {
          "precision": 0.42857142857142855,
          "recall": 0.34375,
          "f1-score": 0.3815028901734104,
          "support": 96.0
        },
        "MO": {
          "precision": 0.8707124010554089,
          "recall": 0.9016393442622951,
          "f1-score": 0.8859060402684564,
          "support": 732.0
        },
        "MY": {
          "precision": 0.5534591194968553,
          "recall": 0.7457627118644068,
          "f1-score": 0.6353790613718412,
          "support": 118.0
        },
        "PC": {
          "precision": 0.0,
          "recall": 0.0,
          "f1-score": 0.0,
          "support": 18.0
        },
        "PLY": {
          "precision": 0.0,
          "recall": 0.0,
          "f1-score": 0.0,
          "support": 3.0
        },
        "PMY": {
          "precision": 0.5,
          "recall": 0.3333333333333333,
          "f1-score": 0.4,
          "support": 30.0
        },
        "SNE": {
          "precision": 0.9694224235560589,
          "recall": 0.9864592336502449,
          "f1-score": 0.9778666285877481,
          "support": 3471.0
        },
        "VLY": {
          "precision": 0.559322033898305,
          "recall": 0.3402061855670103,
          "f1-score": 0.4230769230769231,
          "support": 97.0
        },
        "accuracy": 0.9230569612041002,
        "macro avg": {
          "precision": 0.6039690126573262,
          "recall": 0.561032422842255,
          "f1-score": 0.5701070055397686,
          "support": 7707.0
        },
        "weighted avg": {
          "precision": 0.9114317844148107,
          "recall": 0.9230569612041002,
          "f1-score": 0.9151338675642725,
          "support": 7707.0
        }
      }
    },
    {
      "fold": 2,
      "n_val": 7707,
      "macro_f1": 0.5718368017457732,
      "report": {
        "BA": {
          "precision": 0.8938053097345132,
          "recall": 0.9099099099099099,
          "f1-score": 0.9017857142857143,
          "support": 111.0
        },
        "BL": {
          "precision": 0.8602941176470589,
          "recall": 0.8715083798882681,
          "f1-score": 0.8658649398704903,
          "support": 537.0
        },
        "BNE": {
          "precision": 0.5,
          "recall": 0.047619047619047616,
          "f1-score": 0.08695652173913043,
          "support": 105.0
        },
        "EO": {
          "precision": 0.9478260869565217,
          "recall": 0.9519650655021834,
          "f1-score": 0.9498910675381264,
          "support": 229.0
        },
        "LY": {
          "precision": 0.9402444545043006,
          "recall": 0.961574074074074,
          "f1-score": 0.950789654383154,
          "support": 2160.0
        },
        "MMY": {
          "precision": 0.5185185185185185,
          "recall": 0.4375,
          "f1-score": 0.4745762711864407,
          "support": 96.0
        },
        "MO": {
          "precision": 0.8836898395721925,
          "recall": 0.9030054644808743,
          "f1-score": 0.8932432432432432,
          "support": 732.0
        },
        "MY": {
          "precision": 0.6446280991735537,
          "recall": 0.6666666666666666,
          "f1-score": 0.6554621848739496,
          "support": 117.0
        },
        "PC": {
          "precision": 0.0,
          "recall": 0.0,
          "f1-score": 0.0,
          "support": 18.0
        },
        "PLY": {
          "precision": 0.0,
          "recall": 0.0,
          "f1-score": 0.0,
          "support": 3.0
        },
        "PMY": {
          "precision": 0.2857142857142857,
          "recall": 0.13333333333333333,
          "f1-score": 0.18181818181818182,
          "support": 30.0
        },
        "SNE": {
          "precision": 0.9668632406627352,
          "recall": 0.9919331604724864,
          "f1-score": 0.9792377701934016,
          "support": 3471.0
        },
        "VLY": {
          "precision": 0.5657894736842105,
          "recall": 0.4387755102040816,
          "f1-score": 0.4942528735632184,
          "support": 98.0
        },