{
  "mode": "holdout",
  "tta": false,
  "n_val": 5350,
  "macro_f1": 0.6767390635815946,
  "report": {
    "BA": {
      "precision": 0.9818181818181818,
      "recall": 0.9,
      "f1-score": 0.9391304347826087,
      "support": 60.0
    },
    "BL": {
      "precision": 0.9076923076923077,
      "recall": 0.8592233009708737,
      "f1-score": 0.8827930174563591,
      "support": 412.0
    },
    "BNE": {
      "precision": 0.42424242424242425,
      "recall": 0.19718309859154928,
      "f1-score": 0.2692307692307692,
      "support": 71.0
    },
    "EO": {
      "precision": 0.9702380952380952,
      "recall": 0.9644970414201184,
      "f1-score": 0.9673590504451038,
      "support": 169.0
    },
    "LY": {
      "precision": 0.9369259032455604,
      "recall": 0.973901973265436,
      "f1-score": 0.9550561797752809,
      "support": 1571.0
    },
    "MMY": {
      "precision": 0.6086956521739131,
      "recall": 0.2978723404255319,
      "f1-score": 0.4,
      "support": 47.0
    },
    "MO": {
      "precision": 0.8864097363083164,
      "recall": 0.9377682403433476,
      "f1-score": 0.9113660062565172,
      "support": 466.0
    },
    "MY": {
      "precision": 0.6438356164383562,
      "recall": 0.6266666666666667,
      "f1-score": 0.6351351351351351,
      "support": 75.0
    },
    "PC": {
      "precision": 0.7878787878787878,
      "recall": 0.8125,
      "f1-score": 0.8,
      "support": 32.0
    },
    "PLY": {
      "precision": 0.0,
      "recall": 0.0,
      "f1-score": 0.0,
      "support": 1.0
    },
    "PMY": {
      "precision": 0.6296296296296297,
      "recall": 0.5,
      "f1-score": 0.5573770491803278,
      "support": 34.0
    },
    "SNE": {
      "precision": 0.9649048625792812,
      "recall": 0.98959236773634,
      "f1-score": 0.9770926996360523,
      "support": 2306.0
    },
    "VLY": {
      "precision": 0.7192982456140351,
      "recall": 0.3867924528301887,
      "f1-score": 0.5030674846625767,
      "support": 106.0
    },
    "accuracy": 0.9306542056074766,
    "macro avg": {
      "precision": 0.7278130340660683,
      "recall": 0.6496921140192348,
      "f1-score": 0.6767390635815946,
      "support": 5350.0
    },
    "weighted avg": {
      "precision": 0.922762509469292,
      "recall": 0.9306542056074766,
      "f1-score": 0.9243428606176305,
      "support": 5350.0
    }
  },
  "run_name": "efficientnet_b0_holdout",
  "timestamp": "2026-07-02T01:57:10"
}