{
  "mode": "kfold",
  "k": 5,
  "tta": true,
  "fold_macro_f1": [
    0.7589899735764258,
    0.7842356388388352,
    0.7275684963835478,
    0.7487053044172443,
    0.7127101578564362
  ],
  "mean_macro_f1": 0.7464419142144979,
  "std_macro_f1": 0.024839402720523915,
  "oof_macro_f1": 0.7474020074266142,
  "folds": [
    {
      "fold": 0,
      "n_val": 7707,
      "macro_f1": 0.7589899735764258,
      "report": {
        "BA": {
          "precision": 0.981651376146789,
          "recall": 0.963963963963964,
          "f1-score": 0.9727272727272728,
          "support": 111.0
        },
        "BL": {
          "precision": 0.9061913696060038,
          "recall": 0.9011194029850746,
          "f1-score": 0.9036482694106641,
          "support": 536.0
        },
        "BNE": {
          "precision": 0.5692307692307692,
          "recall": 0.3557692307692308,
          "f1-score": 0.4378698224852071,
          "support": 104.0
        },
        "EO": {
          "precision": 0.9730941704035875,
          "recall": 0.9434782608695652,
          "f1-score": 0.9580573951434879,
          "support": 230.0
        },
        "LY": {
          "precision": 0.9513951395139514,
          "recall": 0.9787037037037037,
          "f1-score": 0.9648562300319489,
          "support": 2160.0
        },
        "MMY": {
          "precision": 0.5657894736842105,
          "recall": 0.4479166666666667,
          "f1-score": 0.5,
          "support": 96.0
        },
        "MO": {
          "precision": 0.9027027027027027,
          "recall": 0.9113233287858117,
          "f1-score": 0.9069925322471147,
          "support": 733.0
        },
        "MY": {
          "precision": 0.6590909090909091,
          "recall": 0.7372881355932204,
          "f1-score": 0.696,
          "support": 118.0
        },
        "PC": {
          "precision": 0.7272727272727273,
          "recall": 0.4444444444444444,
          "f1-score": 0.5517241379310345,
          "support": 18.0
        },
        "PLY": {
          "precision": 1.0,
          "recall": 0.6666666666666666,
          "f1-score": 0.8,
          "support": 3.0
        },
        "PMY": {
          "precision": 0.6956521739130435,
          "recall": 0.5333333333333333,
          "f1-score": 0.6037735849056604,
          "support": 30.0
        },
        "SNE": {
          "precision": 0.9782546494992846,
          "recall": 0.9850187265917603,
          "f1-score": 0.9816250358886017,
          "support": 3471.0
        },
        "VLY": {
          "precision": 0.6710526315789473,
          "recall": 0.5257731958762887,
          "f1-score": 0.5895953757225434,
          "support": 97.0
        },
        "accuracy": 0.9409627611262489,
        "macro avg": {
          "precision": 0.8139521609725328,
          "recall": 0.7226768507884407,
          "f1-score": 0.7589899735764258,
          "support": 7707.0
        },
        "weighted avg": {
          "precision": 0.9373363310256959,
          "recall": 0.9409627611262489,
          "f1-score": 0.9383830722912682,
          "support": 7707.0
        }
      }
    },
    {
      "fold": 1,
      "n_val": 7707,
      "macro_f1": 0.7842356388388352,
      "report": {
        "BA": {
          "precision": 0.972972972972973,
          "recall": 0.972972972972973,
          "f1-score": 0.972972972972973,
          "support": 111.0
        },
        "BL": {
          "precision": 0.9149722735674677,
          "recall": 0.9217877094972067,
          "f1-score": 0.9183673469387755,
          "support": 537.0
        },
        "BNE": {
          "precision": 0.5211267605633803,
          "recall": 0.3557692307692308,
          "f1-score": 0.4228571428571429,
          "support": 104.0
        },
        "EO": {
          "precision": 0.9737991266375546,
          "recall": 0.9695652173913043,
          "f1-score": 0.971677559912854,
          "support": 230.0
        },
        "LY": {
          "precision": 0.9548974943052392,
          "recall": 0.9703703703703703,
          "f1-score": 0.9625717566016073,
          "support": 2160.0
        },
        "MMY": {
          "precision": 0.6385542168674698,
          "recall": 0.5520833333333334,
          "f1-score": 0.5921787709497207,
          "support": 96.0
        },
        "MO": {
          "precision": 0.9180327868852459,
          "recall": 0.9180327868852459,
          "f1-score": 0.9180327868852459,
          "support": 732.0
        },
        "MY": {
          "precision": 0.6428571428571429,
          "recall": 0.7627118644067796,
          "f1-score": 0.6976744186046512,
          "support": 118.0
        },
        "PC": {
          "precision": 1.0,
          "recall": 0.7777777777777778,
          "f1-score": 0.875,
          "support": 18.0
        },
        "PLY": {
          "precision": 1.0,
          "recall": 0.6666666666666666,
          "f1-score": 0.8,
          "support": 3.0
        },
        "PMY": {
          "precision": 0.5909090909090909,
          "recall": 0.43333333333333335,
          "f1-score": 0.5,
          "support": 30.0
        },
        "SNE": {
          "precision": 0.979381443298969,
          "recall": 0.9853068280034573,
          "f1-score": 0.982335200344679,
          "support": 3471.0
        },
        "VLY": {
          "precision": 0.6666666666666666,
          "recall": 0.5154639175257731,
          "f1-score": 0.5813953488372093,
          "support": 97.0
        },
        "accuracy": 0.9436875567665758,
        "macro avg": {
          "precision": 0.8287823058100924,
          "recall": 0.7539878468410348,
          "f1-score": 0.7842356388388352,
          "support": 7707.0
        },
        "weighted avg": {
          "precision": 0.9409724870366364,
          "recall": 0.9436875567665758,
          "f1-score": 0.9417655136684581,
          "support": 7707.0
        }
      }
    },
    {
      "fold": 2,
      "n_val": 7707,
      "macro_f1": 0.7275684963835478,
      "report": {
        "BA": {
          "precision": 0.9626168224299065,
          "recall": 0.9279279279279279,
          "f1-score": 0.944954128440367,
          "support": 111.0
        },
        "BL": {
          "precision": 0.8642857142857143,
          "recall": 0.9013035381750466,
          "f1-score": 0.8824065633546034,
          "support": 537.0
        },
        "BNE": {
          "precision": 0.5217391304347826,
          "recall": 0.34285714285714286,
          "f1-score": 0.41379310344827586,
          "support": 105.0
        },
        "EO": {
          "precision": 0.9446808510638298,
          "recall": 0.9694323144104804,
          "f1-score": 0.9568965517241379,
          "support": 229.0
        },
        "LY": {
          "precision": 0.9638267491670633,
          "recall": 0.9375,
          "f1-score": 0.9504811077211922,
          "support": 2160.0
        },
        "MMY": {
          "precision": 0.5806451612903226,
          "recall": 0.375,
          "f1-score": 0.45569620253164556,
          "support": 96.0
        },
        "MO": {
          "precision": 0.8289473684210527,
          "recall": 0.9467213114754098,
          "f1-score": 0.8839285714285714,
          "support": 732.0
        },
        "MY": {
          "precision": 0.6614173228346457,
          "recall": 0.717948717948718,
          "f1-score": 0.6885245901639344,
          "support": 117.0
        },
        "PC": {
          "precision": 0.7,
          "recall": 0.3888888888888889,
          "f1-score": 0.5,
          "support": 18.0
        },
        "PLY": {
          "precision": 0.6666666666666666,
          "recall": 0.6666666666666666,
          "f1-score": 0.6666666666666666,
          "support": 3.0
        },
        "PMY": {
          "precision": 0.7142857142857143,
          "recall": 0.5,
          "f1-score": 0.5882352941176471,
          "support": 30.0
        },
        "SNE": {
          "precision": 0.9776119402985075,