{
  "mode": "holdout",
  "tta": false,
  "n_val": 5350,
  "macro_f1": 0.7066229266070534,
  "report": {
    "BA": {
      "precision": 0.8615384615384616,
      "recall": 0.9333333333333333,
      "f1-score": 0.896,
      "support": 60.0
    },
    "BL": {
      "precision": 0.9095354523227384,
      "recall": 0.9029126213592233,
      "f1-score": 0.9062119366626066,
      "support": 412.0
    },
    "BNE": {
      "precision": 0.4528301886792453,
      "recall": 0.3380281690140845,
      "f1-score": 0.3870967741935484,
      "support": 71.0
    },
    "EO": {
      "precision": 0.9281767955801105,
      "recall": 0.9940828402366864,
      "f1-score": 0.96,
      "support": 169.0
    },
    "LY": {
      "precision": 0.9464508094645081,
      "recall": 0.9675366008911521,
      "f1-score": 0.9568775574441297,
      "support": 1571.0
    },
    "MMY": {
      "precision": 0.5428571428571428,
      "recall": 0.40425531914893614,
      "f1-score": 0.4634146341463415,
      "support": 47.0
    },
    "MO": {
      "precision": 0.9032921810699589,
      "recall": 0.9420600858369099,
      "f1-score": 0.9222689075630253,
      "support": 466.0
    },
    "MY": {
      "precision": 0.6875,
      "recall": 0.5866666666666667,
      "f1-score": 0.6330935251798561,
      "support": 75.0
    },
    "PC": {
      "precision": 0.9565217391304348,
      "recall": 0.6875,
      "f1-score": 0.8,
      "support": 32.0
    },
    "PLY": {
      "precision": 0.0,
      "recall": 0.0,
      "f1-score": 0.0,
      "support": 1.0
    },
    "PMY": {
      "precision": 0.7096774193548387,
      "recall": 0.6470588235294118,
      "f1-score": 0.676923076923077,
      "support": 34.0
    },
    "SNE": {
      "precision": 0.9762726488352028,
      "recall": 0.9813529921942759,
      "f1-score": 0.9788062283737025,
      "support": 2306.0
    },
    "VLY": {
      "precision": 0.7088607594936709,
      "recall": 0.5283018867924528,
      "f1-score": 0.6054054054054054,
      "support": 106.0
    },
    "accuracy": 0.9355140186915888,
    "macro avg": {
      "precision": 0.7371933537174087,
      "recall": 0.685622256846395,
      "f1-score": 0.7066229266070534,
      "support": 5350.0
    },
    "weighted avg": {
      "precision": 0.9311178684655542,
      "recall": 0.9355140186915888,
      "f1-score": 0.9325333018604329,
      "support": 5350.0
    }
  },
  "run_name": "resnet50_holdout",
  "timestamp": "2026-07-02T01:49:48"
}