{
  "mode": "holdout",
  "tta": false,
  "n_val": 5350,
  "macro_f1": 0.04633871875251186,
  "report": {
    "BA": {
      "precision": 0.0,
      "recall": 0.0,
      "f1-score": 0.0,
      "support": 60.0
    },
    "BL": {
      "precision": 0.0,
      "recall": 0.0,
      "f1-score": 0.0,
      "support": 412.0
    },
    "BNE": {
      "precision": 0.0,
      "recall": 0.0,
      "f1-score": 0.0,
      "support": 71.0
    },
    "EO": {
      "precision": 0.0,
      "recall": 0.0,
      "f1-score": 0.0,
      "support": 169.0
    },
    "LY": {
      "precision": 0.0,
      "recall": 0.0,
      "f1-score": 0.0,
      "support": 1571.0
    },
    "MMY": {
      "precision": 0.0,
      "recall": 0.0,
      "f1-score": 0.0,
      "support": 47.0
    },
    "MO": {
      "precision": 0.0,
      "recall": 0.0,
      "f1-score": 0.0,
      "support": 466.0
    },
    "MY": {
      "precision": 0.0,
      "recall": 0.0,
      "f1-score": 0.0,
      "support": 75.0
    },
    "PC": {
      "precision": 0.0,
      "recall": 0.0,
      "f1-score": 0.0,
      "support": 32.0
    },
    "PLY": {
      "precision": 0.0,
      "recall": 0.0,
      "f1-score": 0.0,
      "support": 1.0
    },
    "PMY": {
      "precision": 0.0,
      "recall": 0.0,
      "f1-score": 0.0,
      "support": 34.0
    },
    "SNE": {
      "precision": 0.4310280373831776,
      "recall": 1.0,
      "f1-score": 0.6024033437826541,
      "support": 2306.0
    },
    "VLY": {
      "precision": 0.0,
      "recall": 0.0,
      "f1-score": 0.0,
      "support": 106.0
    },
    "accuracy": 0.4310280373831776,
    "macro avg": {
      "precision": 0.033156002875629045,
      "recall": 0.07692307692307693,
      "f1-score": 0.04633871875251186,
      "support": 5350.0
    },
    "weighted avg": {
      "precision": 0.18578516901039394,
      "recall": 0.4310280373831776,
      "f1-score": 0.259652730983701,
      "support": 5350.0
    }
  },
  "run_name": "convnext_small_holdout",
  "timestamp": "2026-07-02T02:46:50"
}