{
  "mode": "kfold",
  "k": 5,
  "tta": true,
  "fold_macro_f1": [
    0.7618638657932464,
    0.7682059605530244,
    0.7492908743677014,
    0.7573040004383633,
    0.7228888357369125
  ],
  "mean_macro_f1": 0.7519107073778496,
  "std_macro_f1": 0.015765917715538806,
  "oof_macro_f1": 0.7539363691036998,
  "folds": [
    {
      "fold": 0,
      "n_val": 7707,
      "macro_f1": 0.7618638657932464,
      "report": {
        "BA": {
          "precision": 0.8916666666666667,
          "recall": 0.963963963963964,
          "f1-score": 0.9264069264069265,
          "support": 111.0
        },
        "BL": {
          "precision": 0.8545780969479354,
          "recall": 0.8880597014925373,
          "f1-score": 0.8709972552607502,
          "support": 536.0
        },
        "BNE": {
          "precision": 0.4857142857142857,
          "recall": 0.3269230769230769,
          "f1-score": 0.39080459770114945,
          "support": 104.0
        },
        "EO": {
          "precision": 0.9863636363636363,
          "recall": 0.9434782608695652,
          "f1-score": 0.9644444444444444,
          "support": 230.0
        },
        "LY": {
          "precision": 0.9582947173308619,
          "recall": 0.9574074074074074,
          "f1-score": 0.9578508568781844,
          "support": 2160.0
        },
        "MMY": {
          "precision": 0.5662650602409639,
          "recall": 0.4895833333333333,
          "f1-score": 0.5251396648044693,
          "support": 96.0
        },
        "MO": {
          "precision": 0.8863936591809776,
          "recall": 0.9154160982264665,
          "f1-score": 0.9006711409395973,
          "support": 733.0
        },
        "MY": {
          "precision": 0.6615384615384615,
          "recall": 0.7288135593220338,
          "f1-score": 0.6935483870967742,
          "support": 118.0
        },
        "PC": {
          "precision": 0.8888888888888888,
          "recall": 0.4444444444444444,
          "f1-score": 0.5925925925925926,
          "support": 18.0
        },
        "PLY": {
          "precision": 1.0,
          "recall": 1.0,
          "f1-score": 1.0,
          "support": 3.0
        },
        "PMY": {
          "precision": 0.5714285714285714,
          "recall": 0.5333333333333333,
          "f1-score": 0.5517241379310345,
          "support": 30.0
        },
        "SNE": {
          "precision": 0.978248425872925,
          "recall": 0.9847306251800634,
          "f1-score": 0.9814788226848529,
          "support": 3471.0
        },
        "VLY": {
          "precision": 0.6153846153846154,
          "recall": 0.4948453608247423,
          "f1-score": 0.5485714285714286,
          "support": 97.0
        },
        "accuracy": 0.934085895938757,
        "macro avg": {
          "precision": 0.7957511604275992,
          "recall": 0.7439230127169976,
          "f1-score": 0.7618638657932464,
          "support": 7707.0
        },
        "weighted avg": {
          "precision": 0.9313362344545338,
          "recall": 0.934085895938757,
          "f1-score": 0.9321002109268814,
          "support": 7707.0
        }
      }
    },
    {
      "fold": 1,
      "n_val": 7707,
      "macro_f1": 0.7682059605530244,
      "report": {
        "BA": {
          "precision": 0.9478260869565217,
          "recall": 0.9819819819819819,
          "f1-score": 0.9646017699115044,
          "support": 111.0
        },
        "BL": {
          "precision": 0.9314285714285714,
          "recall": 0.9106145251396648,
          "f1-score": 0.9209039548022598,
          "support": 537.0
        },
        "BNE": {
          "precision": 0.4418604651162791,
          "recall": 0.36538461538461536,
          "f1-score": 0.4,
          "support": 104.0
        },
        "EO": {
          "precision": 0.9559471365638766,
          "recall": 0.9434782608695652,
          "f1-score": 0.949671772428884,
          "support": 230.0
        },
        "LY": {
          "precision": 0.9618916437098255,
          "recall": 0.9699074074074074,
          "f1-score": 0.9658828953434763,
          "support": 2160.0
        },
        "MMY": {
          "precision": 0.5529411764705883,
          "recall": 0.4895833333333333,
          "f1-score": 0.5193370165745856,
          "support": 96.0
        },
        "MO": {
          "precision": 0.9043250327653998,
          "recall": 0.9426229508196722,
          "f1-score": 0.9230769230769231,
          "support": 732.0
        },
        "MY": {
          "precision": 0.6788321167883211,
          "recall": 0.788135593220339,
          "f1-score": 0.7294117647058823,
          "support": 118.0
        },
        "PC": {
          "precision": 1.0,
          "recall": 0.7222222222222222,
          "f1-score": 0.8387096774193549,
          "support": 18.0
        },
        "PLY": {
          "precision": 1.0,
          "recall": 0.6666666666666666,
          "f1-score": 0.8,
          "support": 3.0
        },
        "PMY": {
          "precision": 0.6,
          "recall": 0.4,
          "f1-score": 0.48,
          "support": 30.0
        },
        "SNE": {
          "precision": 0.9770773638968482,
          "recall": 0.9824258138864881,
          "f1-score": 0.9797442896135613,
          "support": 3471.0
        },
        "VLY": {
          "precision": 0.6363636363636364,
          "recall": 0.4329896907216495,
          "f1-score": 0.5153374233128835,
          "support": 97.0
        },
        "accuracy": 0.9416115219929934,
        "macro avg": {
          "precision": 0.8144994792353745,
          "recall": 0.7381548508964312,
          "f1-score": 0.7682059605530244,
          "support": 7707.0
        },
        "weighted avg": {
          "precision": 0.9389135056732877,
          "recall": 0.9416115219929934,
          "f1-score": 0.9396813240965194,
          "support": 7707.0
        }
      }
    },
    {
      "fold": 2,
      "n_val": 7707,
      "macro_f1": 0.7492908743677014,
      "report": {
        "BA": {
          "precision": 0.9724770642201835,
          "recall": 0.954954954954955,
          "f1-score": 0.9636363636363636,
          "support": 111.0
        },
        "BL": {
          "precision": 0.9255725190839694,
          "recall": 0.9031657355679702,
          "f1-score": 0.9142318567389256,
          "support": 537.0
        },
        "BNE": {
          "precision": 0.5714285714285714,
          "recall": 0.38095238095238093,
          "f1-score": 0.45714285714285713,
          "support": 105.0
        },
        "EO": {
          "precision": 0.9691629955947136,
          "recall": 0.9606986899563319,
          "f1-score": 0.9649122807017544,
          "support": 229.0
        },
        "LY": {
          "precision": 0.9474157303370786,
          "recall": 0.975925925925926,
          "f1-score": 0.9614595210946408,
          "support": 2160.0
        },
        "MMY": {
          "precision": 0.5949367088607594,
          "recall": 0.4895833333333333,
          "f1-score": 0.5371428571428571,
          "support": 96.0
        },
        "MO": {
          "precision": 0.9256198347107438,
          "recall": 0.9180327868852459,
          "f1-score": 0.9218106995884774,
          "support": 732.0
        },
        "MY": {
          "precision": 0.7394957983193278,
          "recall": 0.7521367521367521,
          "f1-score": 0.7457627118644068,
          "support": 117.0
        },
        "PC": {
          "precision": 0.8461538461538461,
          "recall": 0.6111111111111112,
          "f1-score": 0.7096774193548387,
          "support": 18.0
        },
        "PLY": {
          "precision": 0.5,
          "recall": 0.3333333333333333,
          "f1-score": 0.4,
          "support": 3.0
        },
        "PMY": {
          "precision": 0.6538461538461539,
          "recall": 0.5666666666666667,
          "f1-score": 0.6071428571428571,
          "support": 30.0
        },
        "SNE": {
          "precision": 0.97524893314367,