{
  "mode": "holdout",
  "tta": false,
  "n_val": 5350,
  "macro_f1": 0.6763841797193838,
  "report": {
    "BA": {
      "precision": 0.9322033898305084,
      "recall": 0.9166666666666666,
      "f1-score": 0.9243697478991597,
      "support": 60.0
    },
    "BL": {
      "precision": 0.9310344827586207,
      "recall": 0.8519417475728155,
      "f1-score": 0.8897338403041825,
      "support": 412.0
    },
    "BNE": {
      "precision": 0.5277777777777778,
      "recall": 0.2676056338028169,
      "f1-score": 0.35514018691588783,
      "support": 71.0
    },
    "EO": {
      "precision": 0.9329608938547486,
      "recall": 0.9881656804733728,
      "f1-score": 0.9597701149425287,
      "support": 169.0
    },
    "LY": {
      "precision": 0.9344362745098039,
      "recall": 0.9707192870782941,
      "f1-score": 0.9522322822354043,
      "support": 1571.0
    },
    "MMY": {
      "precision": 0.43333333333333335,
      "recall": 0.5531914893617021,
      "f1-score": 0.48598130841121495,
      "support": 47.0
    },
    "MO": {
      "precision": 0.8421052631578947,
      "recall": 0.9613733905579399,
      "f1-score": 0.8977955911823647,
      "support": 466.0
    },
    "MY": {
      "precision": 0.6376811594202898,
      "recall": 0.5866666666666667,
      "f1-score": 0.6111111111111112,
      "support": 75.0
    },
    "PC": {
      "precision": 0.8518518518518519,
      "recall": 0.71875,
      "f1-score": 0.7796610169491526,
      "support": 32.0
    },
    "PLY": {
      "precision": 0.0,
      "recall": 0.0,
      "f1-score": 0.0,
      "support": 1.0
    },
    "PMY": {
      "precision": 0.6296296296296297,
      "recall": 0.5,
      "f1-score": 0.5573770491803278,
      "support": 34.0
    },
    "SNE": {
      "precision": 0.9804602692140686,
      "recall": 0.9791847354726799,
      "f1-score": 0.9798220872206552,
      "support": 2306.0
    },
    "VLY": {
      "precision": 0.6326530612244898,
      "recall": 0.29245283018867924,
      "f1-score": 0.4,
      "support": 106.0
    },
    "accuracy": 0.9278504672897196,
    "macro avg": {
      "precision": 0.7127790297356167,
      "recall": 0.660516779064741,
      "f1-score": 0.6763841797193838,
      "support": 5350.0
    },
    "weighted avg": {
      "precision": 0.9233539231857627,
      "recall": 0.9278504672897196,
      "f1-score": 0.9230322338004459,
      "support": 5350.0
    }
  },
  "run_name": "efficientnet_b3_holdout",
  "timestamp": "2026-07-02T02:08:35"
}