{
  "mode": "holdout",
  "tta": false,
  "n_val": 5350,
  "macro_f1": 0.6795844416358281,
  "report": {
    "BA": {
      "precision": 0.9655172413793104,
      "recall": 0.9333333333333333,
      "f1-score": 0.9491525423728814,
      "support": 60.0
    },
    "BL": {
      "precision": 0.9571428571428572,
      "recall": 0.8131067961165048,
      "f1-score": 0.8792650918635171,
      "support": 412.0
    },
    "BNE": {
      "precision": 0.3333333333333333,
      "recall": 0.23943661971830985,
      "f1-score": 0.2786885245901639,
      "support": 71.0
    },
    "EO": {
      "precision": 0.9879518072289156,
      "recall": 0.9704142011834319,
      "f1-score": 0.9791044776119403,
      "support": 169.0
    },
    "LY": {
      "precision": 0.9296636085626911,
      "recall": 0.9675366008911521,
      "f1-score": 0.9482220835932627,
      "support": 1571.0
    },
    "MMY": {
      "precision": 0.43283582089552236,
      "recall": 0.6170212765957447,
      "f1-score": 0.5087719298245614,
      "support": 47.0
    },
    "MO": {
      "precision": 0.8262476894639557,
      "recall": 0.9592274678111588,
      "f1-score": 0.887785501489573,
      "support": 466.0
    },
    "MY": {
      "precision": 0.671875,
      "recall": 0.5733333333333334,
      "f1-score": 0.6187050359712231,
      "support": 75.0
    },
    "PC": {
      "precision": 0.8888888888888888,
      "recall": 0.5,
      "f1-score": 0.64,
      "support": 32.0
    },
    "PLY": {
      "precision": 0.0,
      "recall": 0.0,
      "f1-score": 0.0,
      "support": 1.0
    },
    "PMY": {
      "precision": 0.8095238095238095,
      "recall": 0.5,
      "f1-score": 0.6181818181818182,
      "support": 34.0
    },
    "SNE": {
      "precision": 0.9816993464052287,
      "recall": 0.9770164787510841,
      "f1-score": 0.9793523147141926,
      "support": 2306.0
    },
    "VLY": {
      "precision": 0.6190476190476191,
      "recall": 0.49056603773584906,
      "f1-score": 0.5473684210526316,
      "support": 106.0
    },
    "accuracy": 0.9250467289719626,
    "macro avg": {
      "precision": 0.723363617067087,
      "recall": 0.656999395805377,
      "f1-score": 0.6795844416358281,
      "support": 5350.0
    },
    "weighted avg": {
      "precision": 0.9242163119693474,
      "recall": 0.9250467289719626,
      "f1-score": 0.9226257345704492,
      "support": 5350.0
    }
  },
  "run_name": "swin_small_holdout",
  "timestamp": "2026-07-02T05:13:56"
}