{
  "mode": "holdout",
  "tta": false,
  "n_val": 5350,
  "macro_f1": 0.6395840481736995,
  "report": {
    "BA": {
      "precision": 0.9152542372881356,
      "recall": 0.9,
      "f1-score": 0.907563025210084,
      "support": 60.0
    },
    "BL": {
      "precision": 0.9119170984455959,
      "recall": 0.8543689320388349,
      "f1-score": 0.8822055137844611,
      "support": 412.0
    },
    "BNE": {
      "precision": 0.2619047619047619,
      "recall": 0.15492957746478872,
      "f1-score": 0.19469026548672566,
      "support": 71.0
    },
    "EO": {
      "precision": 0.9590643274853801,
      "recall": 0.9704142011834319,
      "f1-score": 0.9647058823529412,
      "support": 169.0
    },
    "LY": {
      "precision": 0.9288321167883211,
      "recall": 0.9719923615531508,
      "f1-score": 0.9499222395023328,
      "support": 1571.0
    },
    "MMY": {
      "precision": 0.39473684210526316,
      "recall": 0.3191489361702128,
      "f1-score": 0.35294117647058826,
      "support": 47.0
    },
    "MO": {
      "precision": 0.8629032258064516,
      "recall": 0.9184549356223176,
      "f1-score": 0.8898128898128899,
      "support": 466.0
    },
    "MY": {
      "precision": 0.5915492957746479,
      "recall": 0.56,
      "f1-score": 0.5753424657534246,
      "support": 75.0
    },
    "PC": {
      "precision": 0.8947368421052632,
      "recall": 0.53125,
      "f1-score": 0.6666666666666666,
      "support": 32.0
    },
    "PLY": {
      "precision": 0.0,
      "recall": 0.0,
      "f1-score": 0.0,
      "support": 1.0
    },
    "PMY": {
      "precision": 0.6190476190476191,
      "recall": 0.38235294117647056,
      "f1-score": 0.4727272727272727,
      "support": 34.0
    },
    "SNE": {
      "precision": 0.9691912708600771,
      "recall": 0.9822202948829142,
      "f1-score": 0.9756622873142364,
      "support": 2306.0
    },
    "VLY": {
      "precision": 0.640625,
      "recall": 0.3867924528301887,
      "f1-score": 0.4823529411764706,
      "support": 106.0
    },
    "accuracy": 0.9213084112149532,
    "macro avg": {
      "precision": 0.6884432798162705,
      "recall": 0.6101480486863315,
      "f1-score": 0.6395840481736995,
      "support": 5350.0
    },
    "weighted avg": {
      "precision": 0.913657890522948,
      "recall": 0.9213084112149532,
      "f1-score": 0.9158715940585045,
      "support": 5350.0
    }
  },
  "run_name": "vit_tiny_holdout",
  "timestamp": "2026-07-02T02:57:41"
}