{
  "mode": "kfold",
  "k": 5,
  "tta": true,
  "fold_macro_f1": [
    0.6765630889159829,
    0.7520866187452976,
    0.7065230220986963,
    0.7485408923227721,
    0.6978472111199218
  ],
  "mean_macro_f1": 0.7163121666405342,
  "std_macro_f1": 0.029445791874862386,
  "oof_macro_f1": 0.7184182554402929,
  "folds": [
    {
      "fold": 0,
      "n_val": 7707,
      "macro_f1": 0.6765630889159829,
      "report": {
        "BA": {
          "precision": 0.9813084112149533,
          "recall": 0.9459459459459459,
          "f1-score": 0.963302752293578,
          "support": 111.0
        },
        "BL": {
          "precision": 0.9067961165048544,
          "recall": 0.871268656716418,
          "f1-score": 0.8886774500475737,
          "support": 536.0
        },
        "BNE": {
          "precision": 0.4909090909090909,
          "recall": 0.25961538461538464,
          "f1-score": 0.33962264150943394,
          "support": 104.0
        },
        "EO": {
          "precision": 0.9641255605381166,
          "recall": 0.9347826086956522,
          "f1-score": 0.9492273730684326,
          "support": 230.0
        },
        "LY": {
          "precision": 0.9504950495049505,
          "recall": 0.9777777777777777,
          "f1-score": 0.9639434048379736,
          "support": 2160.0
        },
        "MMY": {
          "precision": 0.5822784810126582,
          "recall": 0.4791666666666667,
          "f1-score": 0.5257142857142857,
          "support": 96.0
        },
        "MO": {
          "precision": 0.8751642575558476,
          "recall": 0.9085948158253752,
          "f1-score": 0.891566265060241,
          "support": 733.0
        },
        "MY": {
          "precision": 0.6515151515151515,
          "recall": 0.7288135593220338,
          "f1-score": 0.688,
          "support": 118.0
        },
        "PC": {
          "precision": 0.8181818181818182,
          "recall": 0.5,
          "f1-score": 0.6206896551724138,
          "support": 18.0
        },
        "PLY": {
          "precision": 0.0,
          "recall": 0.0,
          "f1-score": 0.0,
          "support": 3.0
        },
        "PMY": {
          "precision": 0.6,
          "recall": 0.4,
          "f1-score": 0.48,
          "support": 30.0
        },
        "SNE": {
          "precision": 0.9691480328332862,
          "recall": 0.9864592336502449,
          "f1-score": 0.9777270131353513,
          "support": 3471.0
        },
        "VLY": {
          "precision": 0.7551020408163265,
          "recall": 0.38144329896907214,
          "f1-score": 0.5068493150684932,
          "support": 97.0
        },
        "accuracy": 0.9349941611521994,
        "macro avg": {
          "precision": 0.7342326161990042,
          "recall": 0.6441436883218901,
          "f1-score": 0.6765630889159829,
          "support": 7707.0
        },
        "weighted avg": {
          "precision": 0.9296741402485661,
          "recall": 0.9349941611521994,
          "f1-score": 0.9306625700490606,
          "support": 7707.0
        }
      }
    },
    {
      "fold": 1,
      "n_val": 7707,
      "macro_f1": 0.7520866187452976,
      "report": {
        "BA": {
          "precision": 0.9636363636363636,
          "recall": 0.954954954954955,
          "f1-score": 0.9592760180995475,
          "support": 111.0
        },
        "BL": {
          "precision": 0.924812030075188,
          "recall": 0.9162011173184358,
          "f1-score": 0.9204864359214219,
          "support": 537.0
        },
        "BNE": {
          "precision": 0.6,
          "recall": 0.34615384615384615,
          "f1-score": 0.43902439024390244,
          "support": 104.0
        },
        "EO": {
          "precision": 0.9684684684684685,
          "recall": 0.9347826086956522,
          "f1-score": 0.9513274336283186,
          "support": 230.0
        },
        "LY": {
          "precision": 0.9607485166590598,
          "recall": 0.9745370370370371,
          "f1-score": 0.9675936566306597,
          "support": 2160.0
        },
        "MMY": {
          "precision": 0.5978260869565217,
          "recall": 0.5729166666666666,
          "f1-score": 0.5851063829787234,
          "support": 96.0
        },
        "MO": {
          "precision": 0.9109311740890689,
          "recall": 0.9221311475409836,
          "f1-score": 0.9164969450101833,
          "support": 732.0
        },
        "MY": {
          "precision": 0.6870229007633588,
          "recall": 0.7627118644067796,
          "f1-score": 0.7228915662650602,
          "support": 118.0
        },
        "PC": {
          "precision": 0.8571428571428571,
          "recall": 0.6666666666666666,
          "f1-score": 0.75,
          "support": 18.0
        },
        "PLY": {
          "precision": 1.0,
          "recall": 0.3333333333333333,
          "f1-score": 0.5,
          "support": 3.0
        },
        "PMY": {
          "precision": 0.6363636363636364,
          "recall": 0.4666666666666667,
          "f1-score": 0.5384615384615384,
          "support": 30.0
        },
        "SNE": {
          "precision": 0.9769559032716928,
          "recall": 0.9893402477672141,
          "f1-score": 0.983109075293444,
          "support": 3471.0
        },
        "VLY": {
          "precision": 0.618421052631579,
          "recall": 0.4845360824742268,
          "f1-score": 0.5433526011560693,
          "support": 97.0
        },
        "accuracy": 0.944855326326716,
        "macro avg": {
          "precision": 0.823256076158292,
          "recall": 0.7173024799755741,
          "f1-score": 0.7520866187452976,
          "support": 7707.0
        },
        "weighted avg": {
          "precision": 0.9417067768518516,
          "recall": 0.944855326326716,
          "f1-score": 0.9424970583733198,
          "support": 7707.0
        }
      }
    },
    {
      "fold": 2,
      "n_val": 7707,
      "macro_f1": 0.7065230220986963,
      "report": {
        "BA": {
          "precision": 0.9459459459459459,
          "recall": 0.9459459459459459,
          "f1-score": 0.9459459459459459,
          "support": 111.0
        },
        "BL": {
          "precision": 0.9096045197740112,
          "recall": 0.8994413407821229,
          "f1-score": 0.9044943820224719,
          "support": 537.0
        },
        "BNE": {
          "precision": 0.6142857142857143,
          "recall": 0.4095238095238095,
          "f1-score": 0.49142857142857144,
          "support": 105.0
        },
        "EO": {
          "precision": 0.9596412556053812,
          "recall": 0.9344978165938864,
          "f1-score": 0.9469026548672567,
          "support": 229.0
        },
        "LY": {
          "precision": 0.9552715654952076,
          "recall": 0.9689814814814814,
          "f1-score": 0.9620776832911975,
          "support": 2160.0
        },
        "MMY": {
          "precision": 0.6024096385542169,
          "recall": 0.5208333333333334,
          "f1-score": 0.5586592178770949,
          "support": 96.0
        },
        "MO": {
          "precision": 0.8959156785243741,
          "recall": 0.9289617486338798,
          "f1-score": 0.9121395036887995,
          "support": 732.0
        },
        "MY": {
          "precision": 0.7301587301587301,
          "recall": 0.7863247863247863,
          "f1-score": 0.757201646090535,
          "support": 117.0
        },
        "PC": {
          "precision": 0.75,
          "recall": 0.5,
          "f1-score": 0.6,
          "support": 18.0
        },
        "PLY": {
          "precision": 0.0,
          "recall": 0.0,
          "f1-score": 0.0,
          "support": 3.0
        },
        "PMY": {
          "precision": 0.6363636363636364,
          "recall": 0.4666666666666667,
          "f1-score": 0.5384615384615384,
          "support": 30.0
        },
        "SNE": {
          "precision": 0.9752136752136752,
          "recall": 0.986171132238548,
          "f1-score": 0.9806617963042544,