{
  "mode": "kfold",
  "k": 5,
  "tta": true,
  "fold_macro_f1": [
    0.04777241009125067,
    0.5932018853490721,
    0.04777241009125067,
    0.04777241009125067,
    0.5274103786945568
  ],
  "mean_macro_f1": 0.2527858988634762,
  "std_macro_f1": 0.25194969359502356,
  "oof_macro_f1": 0.32961739065569085,
  "folds": [
    {
      "fold": 0,
      "n_val": 7707,
      "macro_f1": 0.04777241009125067,
      "report": {
        "BA": {
          "precision": 0.0,
          "recall": 0.0,
          "f1-score": 0.0,
          "support": 111.0
        },
        "BL": {
          "precision": 0.0,
          "recall": 0.0,
          "f1-score": 0.0,
          "support": 536.0
        },
        "BNE": {
          "precision": 0.0,
          "recall": 0.0,
          "f1-score": 0.0,
          "support": 104.0
        },
        "EO": {
          "precision": 0.0,
          "recall": 0.0,
          "f1-score": 0.0,
          "support": 230.0
        },
        "LY": {
          "precision": 0.0,
          "recall": 0.0,
          "f1-score": 0.0,
          "support": 2160.0
        },
        "MMY": {
          "precision": 0.0,
          "recall": 0.0,
          "f1-score": 0.0,
          "support": 96.0
        },
        "MO": {
          "precision": 0.0,
          "recall": 0.0,
          "f1-score": 0.0,
          "support": 733.0
        },
        "MY": {
          "precision": 0.0,
          "recall": 0.0,
          "f1-score": 0.0,
          "support": 118.0
        },
        "PC": {
          "precision": 0.0,
          "recall": 0.0,
          "f1-score": 0.0,
          "support": 18.0
        },
        "PLY": {
          "precision": 0.0,
          "recall": 0.0,
          "f1-score": 0.0,
          "support": 3.0
        },
        "PMY": {
          "precision": 0.0,
          "recall": 0.0,
          "f1-score": 0.0,
          "support": 30.0
        },
        "SNE": {
          "precision": 0.4503697936940444,
          "recall": 1.0,
          "f1-score": 0.6210413311862587,
          "support": 3471.0
        },
        "VLY": {
          "precision": 0.0,
          "recall": 0.0,
          "f1-score": 0.0,
          "support": 97.0
        },
        "accuracy": 0.4503697936940444,
        "macro avg": {
          "precision": 0.03464383028415726,
          "recall": 0.07692307692307693,
          "f1-score": 0.04777241009125067,
          "support": 7707.0
        },
        "weighted avg": {
          "precision": 0.2028329510720161,
          "recall": 0.4503697936940444,
          "f1-score": 0.27969825620183,
          "support": 7707.0
        }
      }
    },
    {
      "fold": 1,
      "n_val": 7707,
      "macro_f1": 0.5932018853490721,
      "report": {
        "BA": {
          "precision": 0.9142857142857143,
          "recall": 0.8648648648648649,
          "f1-score": 0.8888888888888888,
          "support": 111.0
        },
        "BL": {
          "precision": 0.8519163763066202,
          "recall": 0.9106145251396648,
          "f1-score": 0.8802880288028803,
          "support": 537.0
        },
        "BNE": {
          "precision": 0.3939393939393939,
          "recall": 0.125,
          "f1-score": 0.1897810218978102,
          "support": 104.0
        },
        "EO": {
          "precision": 0.9117647058823529,
          "recall": 0.9434782608695652,
          "f1-score": 0.9273504273504274,
          "support": 230.0
        },
        "LY": {
          "precision": 0.9487179487179487,
          "recall": 0.9592592592592593,
          "f1-score": 0.9539594843462247,
          "support": 2160.0
        },
        "MMY": {
          "precision": 0.4576271186440678,
          "recall": 0.28125,
          "f1-score": 0.34838709677419355,
          "support": 96.0
        },
        "MO": {
          "precision": 0.8693931398416886,
          "recall": 0.9002732240437158,
          "f1-score": 0.8845637583892617,
          "support": 732.0
        },
        "MY": {
          "precision": 0.5648854961832062,
          "recall": 0.6271186440677966,
          "f1-score": 0.5943775100401606,
          "support": 118.0
        },
        "PC": {
          "precision": 0.6666666666666666,
          "recall": 0.1111111111111111,
          "f1-score": 0.19047619047619047,
          "support": 18.0
        },
        "PLY": {
          "precision": 0.0,
          "recall": 0.0,
          "f1-score": 0.0,
          "support": 3.0
        },
        "PMY": {
          "precision": 0.48148148148148145,
          "recall": 0.43333333333333335,
          "f1-score": 0.45614035087719296,
          "support": 30.0
        },
        "SNE": {
          "precision": 0.9707053469852105,
          "recall": 0.9832901181215788,
          "f1-score": 0.9769572062401602,
          "support": 3471.0
        },
        "VLY": {
          "precision": 0.46835443037974683,
          "recall": 0.38144329896907214,
          "f1-score": 0.42045454545454547,
          "support": 97.0
        },
        "accuracy": 0.9227974568574023,
        "macro avg": {
          "precision": 0.6538259861010846,
          "recall": 0.578541279983074,
          "f1-score": 0.5932018853490721,
          "support": 7707.0
        },
        "weighted avg": {
          "precision": 0.9143698859214074,
          "recall": 0.9227974568574023,
          "f1-score": 0.9166938320006753,
          "support": 7707.0
        }
      }
    },
    {
      "fold": 2,
      "n_val": 7707,
      "macro_f1": 0.04777241009125067,
      "report": {
        "BA": {
          "precision": 0.0,
          "recall": 0.0,
          "f1-score": 0.0,
          "support": 111.0
        },
        "BL": {
          "precision": 0.0,
          "recall": 0.0,
          "f1-score": 0.0,
          "support": 537.0
        },
        "BNE": {
          "precision": 0.0,
          "recall": 0.0,
          "f1-score": 0.0,
          "support": 105.0
        },
        "EO": {
          "precision": 0.0,
          "recall": 0.0,
          "f1-score": 0.0,
          "support": 229.0
        },
        "LY": {
          "precision": 0.0,
          "recall": 0.0,
          "f1-score": 0.0,
          "support": 2160.0
        },
        "MMY": {
          "precision": 0.0,
          "recall": 0.0,
          "f1-score": 0.0,
          "support": 96.0
        },
        "MO": {
          "precision": 0.0,
          "recall": 0.0,
          "f1-score": 0.0,
          "support": 732.0
        },
        "MY": {
          "precision": 0.0,
          "recall": 0.0,
          "f1-score": 0.0,
          "support": 117.0
        },
        "PC": {
          "precision": 0.0,
          "recall": 0.0,
          "f1-score": 0.0,
          "support": 18.0
        },
        "PLY": {
          "precision": 0.0,
          "recall": 0.0,
          "f1-score": 0.0,
          "support": 3.0
        },
        "PMY": {
          "precision": 0.0,
          "recall": 0.0,
          "f1-score": 0.0,
          "support": 30.0
        },
        "SNE": {
          "precision": 0.4503697936940444,
          "recall": 1.0,
          "f1-score": 0.6210413311862587,
          "support": 3471.0
        },
        "VLY": {
          "precision": 0.0,
          "recall": 0.0,
          "f1-score": 0.0,
          "support": 98.0
        },
        "accuracy": 0.4503697936940444,
        "macro avg": {
          "precision": 0.03464383028415726,
          "recall": 0.07692307692307693,
          "f1-score": 0.04777241009125067,
          "support": 7707.0
        },
        "weighted avg": {
          "precision": 0.2028329510720161,
          "recall": 0.4503697936940444,
          "f1-score": 0.27969825620183,
          "support": 7707.0
        }
      }
    },
    {
      "fold": 3,
      "n_val": 7707,
      "macro_f1": 0.04777241009125067,
      "report": {
        "BA": {
          "precision": 0.0,
          "recall": 0.0,
          "f1-score": 0.0,
          "support": 111.0
        },