{
  "mode": "kfold",
  "k": 5,
  "tta": true,
  "fold_macro_f1": [
    0.6937288495742203,
    0.7806470148414011,
    0.7606524930633154,
    0.7629507481085405,
    0.6867297129284258
  ],
  "mean_macro_f1": 0.7369417637031807,
  "std_macro_f1": 0.03882633365170136,
  "oof_macro_f1": 0.7412519381444574,
  "folds": [
    {
      "fold": 0,
      "n_val": 7707,
      "macro_f1": 0.6937288495742203,
      "report": {
        "BA": {
          "precision": 0.954954954954955,
          "recall": 0.954954954954955,
          "f1-score": 0.954954954954955,
          "support": 111.0
        },
        "BL": {
          "precision": 0.8598949211908932,
          "recall": 0.9160447761194029,
          "f1-score": 0.8870822041553749,
          "support": 536.0
        },
        "BNE": {
          "precision": 0.5641025641025641,
          "recall": 0.4230769230769231,
          "f1-score": 0.4835164835164835,
          "support": 104.0
        },
        "EO": {
          "precision": 0.9638009049773756,
          "recall": 0.9260869565217391,
          "f1-score": 0.9445676274944568,
          "support": 230.0
        },
        "LY": {
          "precision": 0.9440465532676813,
          "recall": 0.9763888888888889,
          "f1-score": 0.9599453800637232,
          "support": 2160.0
        },
        "MMY": {
          "precision": 0.6197183098591549,
          "recall": 0.4583333333333333,
          "f1-score": 0.5269461077844312,
          "support": 96.0
        },
        "MO": {
          "precision": 0.9267241379310345,
          "recall": 0.8799454297407913,
          "f1-score": 0.9027291812456263,
          "support": 733.0
        },
        "MY": {
          "precision": 0.7413793103448276,
          "recall": 0.7288135593220338,
          "f1-score": 0.7350427350427351,
          "support": 118.0
        },
        "PC": {
          "precision": 0.7272727272727273,
          "recall": 0.4444444444444444,
          "f1-score": 0.5517241379310345,
          "support": 18.0
        },
        "PLY": {
          "precision": 0.0,
          "recall": 0.0,
          "f1-score": 0.0,
          "support": 3.0
        },
        "PMY": {
          "precision": 0.6842105263157895,
          "recall": 0.43333333333333335,
          "f1-score": 0.5306122448979592,
          "support": 30.0
        },
        "SNE": {
          "precision": 0.9771493858897458,
          "recall": 0.9855949294151541,
          "f1-score": 0.9813539873780838,
          "support": 3471.0
        },
        "VLY": {
          "precision": 0.6282051282051282,
          "recall": 0.5051546391752577,
          "f1-score": 0.56,
          "support": 97.0
        },
        "accuracy": 0.9379784611392241,
        "macro avg": {
          "precision": 0.7378045711009135,
          "recall": 0.6640132437174043,
          "f1-score": 0.6937288495742203,
          "support": 7707.0
        },
        "weighted avg": {
          "precision": 0.9340713971504058,
          "recall": 0.9379784611392241,
          "f1-score": 0.9352492282248319,
          "support": 7707.0
        }
      }
    },
    {
      "fold": 1,
      "n_val": 7707,
      "macro_f1": 0.7806470148414011,
      "report": {
        "BA": {
          "precision": 0.963302752293578,
          "recall": 0.9459459459459459,
          "f1-score": 0.9545454545454546,
          "support": 111.0
        },
        "BL": {
          "precision": 0.9197761194029851,
          "recall": 0.9180633147113594,
          "f1-score": 0.918918918918919,
          "support": 537.0
        },
        "BNE": {
          "precision": 0.5974025974025974,
          "recall": 0.4423076923076923,
          "f1-score": 0.5082872928176796,
          "support": 104.0
        },
        "EO": {
          "precision": 0.9690265486725663,
          "recall": 0.9521739130434783,
          "f1-score": 0.9605263157894737,
          "support": 230.0
        },
        "LY": {
          "precision": 0.9663594470046083,
          "recall": 0.9708333333333333,
          "f1-score": 0.9685912240184757,
          "support": 2160.0
        },
        "MMY": {
          "precision": 0.6049382716049383,
          "recall": 0.5104166666666666,
          "f1-score": 0.5536723163841808,
          "support": 96.0
        },
        "MO": {
          "precision": 0.8960526315789473,
          "recall": 0.930327868852459,
          "f1-score": 0.9128686327077749,
          "support": 732.0
        },
        "MY": {
          "precision": 0.664179104477612,
          "recall": 0.7542372881355932,
          "f1-score": 0.7063492063492064,
          "support": 118.0
        },
        "PC": {
          "precision": 0.9333333333333333,
          "recall": 0.7777777777777778,
          "f1-score": 0.8484848484848485,
          "support": 18.0
        },
        "PLY": {
          "precision": 1.0,
          "recall": 0.6666666666666666,
          "f1-score": 0.8,
          "support": 3.0
        },
        "PMY": {
          "precision": 0.6,
          "recall": 0.4,
          "f1-score": 0.48,
          "support": 30.0
        },
        "SNE": {
          "precision": 0.978595890410959,
          "recall": 0.9878997407087294,
          "f1-score": 0.983225806451613,
          "support": 3471.0
        },
        "VLY": {
          "precision": 0.6438356164383562,
          "recall": 0.4845360824742268,
          "f1-score": 0.5529411764705883,
          "support": 97.0
        },
        "accuracy": 0.9449850785000649,
        "macro avg": {
          "precision": 0.8259078702015755,
          "recall": 0.7493220223556867,
          "f1-score": 0.7806470148414011,
          "support": 7707.0
        },
        "weighted avg": {
          "precision": 0.9423257932538841,
          "recall": 0.9449850785000649,
          "f1-score": 0.9431115042593269,
          "support": 7707.0
        }
      }
    },
    {
      "fold": 2,
      "n_val": 7707,
      "macro_f1": 0.7606524930633154,
      "report": {
        "BA": {
          "precision": 0.9811320754716981,
          "recall": 0.9369369369369369,
          "f1-score": 0.9585253456221198,
          "support": 111.0
        },
        "BL": {
          "precision": 0.9152542372881356,
          "recall": 0.9050279329608939,
          "f1-score": 0.9101123595505618,
          "support": 537.0
        },
        "BNE": {
          "precision": 0.6212121212121212,
          "recall": 0.3904761904761905,
          "f1-score": 0.47953216374269003,
          "support": 105.0
        },
        "EO": {
          "precision": 0.9772727272727273,
          "recall": 0.9388646288209607,
          "f1-score": 0.9576837416481069,
          "support": 229.0
        },
        "LY": {
          "precision": 0.9559633027522936,
          "recall": 0.9648148148148148,
          "f1-score": 0.96036866359447,
          "support": 2160.0
        },
        "MMY": {
          "precision": 0.5918367346938775,
          "recall": 0.6041666666666666,
          "f1-score": 0.5979381443298969,
          "support": 96.0
        },
        "MO": {
          "precision": 0.9066666666666666,
          "recall": 0.9289617486338798,
          "f1-score": 0.9176788124156545,
          "support": 732.0
        },
        "MY": {
          "precision": 0.72,
          "recall": 0.7692307692307693,
          "f1-score": 0.743801652892562,
          "support": 117.0
        },
        "PC": {
          "precision": 1.0,
          "recall": 0.6111111111111112,
          "f1-score": 0.7586206896551724,
          "support": 18.0
        },
        "PLY": {
          "precision": 0.5,
          "recall": 0.3333333333333333,
          "f1-score": 0.4,
          "support": 3.0
        },
        "PMY": {
          "precision": 0.6538461538461539,
          "recall": 0.5666666666666667,
          "f1-score": 0.6071428571428571,
          "support": 30.0
        },
        "SNE": {
          "precision": 0.9747230900312411,