{
  "mode": "holdout",
  "tta": false,
  "n_val": 5350,
  "macro_f1": 0.6734603494951461,
  "report": {
    "BA": {
      "precision": 0.9655172413793104,
      "recall": 0.9333333333333333,
      "f1-score": 0.9491525423728814,
      "support": 60.0
    },
    "BL": {
      "precision": 0.9333333333333333,
      "recall": 0.883495145631068,
      "f1-score": 0.9077306733167082,
      "support": 412.0
    },
    "BNE": {
      "precision": 0.4166666666666667,
      "recall": 0.2112676056338028,
      "f1-score": 0.2803738317757009,
      "support": 71.0
    },
    "EO": {
      "precision": 0.9700598802395209,
      "recall": 0.9585798816568047,
      "f1-score": 0.9642857142857143,
      "support": 169.0
    },
    "LY": {
      "precision": 0.9408502772643254,
      "recall": 0.9719923615531508,
      "f1-score": 0.9561678146524734,
      "support": 1571.0
    },
    "MMY": {
      "precision": 0.4782608695652174,
      "recall": 0.46808510638297873,
      "f1-score": 0.4731182795698925,
      "support": 47.0
    },
    "MO": {
      "precision": 0.8712871287128713,
      "recall": 0.944206008583691,
      "f1-score": 0.9062821833161689,
      "support": 466.0
    },
    "MY": {
      "precision": 0.6865671641791045,
      "recall": 0.6133333333333333,
      "f1-score": 0.647887323943662,
      "support": 75.0
    },
    "PC": {
      "precision": 0.8571428571428571,
      "recall": 0.375,
      "f1-score": 0.5217391304347826,
      "support": 32.0
    },
    "PLY": {
      "precision": 0.0,
      "recall": 0.0,
      "f1-score": 0.0,
      "support": 1.0
    },
    "PMY": {
      "precision": 0.8260869565217391,
      "recall": 0.5588235294117647,
      "f1-score": 0.6666666666666666,
      "support": 34.0
    },
    "SNE": {
      "precision": 0.9717948717948718,
      "recall": 0.9861231569817867,
      "f1-score": 0.978906586310805,
      "support": 2306.0
    },
    "VLY": {
      "precision": 0.5802469135802469,
      "recall": 0.44339622641509435,
      "f1-score": 0.5026737967914439,
      "support": 106.0
    },
    "accuracy": 0.9315887850467289,
    "macro avg": {
      "precision": 0.730601089260005,
      "recall": 0.6421258222243699,
      "f1-score": 0.6734603494951461,
      "support": 5350.0
    },
    "weighted avg": {
      "precision": 0.9256139965989059,
      "recall": 0.9315887850467289,
      "f1-score": 0.9269354373331469,
      "support": 5350.0
    }
  },
  "run_name": "swin_tiny_holdout",
  "timestamp": "2026-07-02T04:40:00"
}