{
  "mode": "holdout",
  "tta": false,
  "n_val": 5350,
  "macro_f1": 0.6392928769060902,
  "report": {
    "BA": {
      "precision": 0.9433962264150944,
      "recall": 0.8333333333333334,
      "f1-score": 0.8849557522123894,
      "support": 60.0
    },
    "BL": {
      "precision": 0.9274193548387096,
      "recall": 0.837378640776699,
      "f1-score": 0.8801020408163265,
      "support": 412.0
    },
    "BNE": {
      "precision": 0.2619047619047619,
      "recall": 0.15492957746478872,
      "f1-score": 0.19469026548672566,
      "support": 71.0
    },
    "EO": {
      "precision": 0.9318181818181818,
      "recall": 0.9704142011834319,
      "f1-score": 0.9507246376811594,
      "support": 169.0
    },
    "LY": {
      "precision": 0.921556886227545,
      "recall": 0.9796308084022916,
      "f1-score": 0.9497068805924097,
      "support": 1571.0
    },
    "MMY": {
      "precision": 0.5161290322580645,
      "recall": 0.3404255319148936,
      "f1-score": 0.41025641025641024,
      "support": 47.0
    },
    "MO": {
      "precision": 0.8591549295774648,
      "recall": 0.9163090128755365,
      "f1-score": 0.8868120456905504,
      "support": 466.0
    },
    "MY": {
      "precision": 0.6612903225806451,
      "recall": 0.5466666666666666,
      "f1-score": 0.5985401459854015,
      "support": 75.0
    },
    "PC": {
      "precision": 0.7647058823529411,
      "recall": 0.40625,
      "f1-score": 0.5306122448979592,
      "support": 32.0
    },
    "PLY": {
      "precision": 0.0,
      "recall": 0.0,
      "f1-score": 0.0,
      "support": 1.0
    },
    "PMY": {
      "precision": 0.6363636363636364,
      "recall": 0.6176470588235294,
      "f1-score": 0.6268656716417911,
      "support": 34.0
    },
    "SNE": {
      "precision": 0.9666381522668948,
      "recall": 0.9800520381613183,
      "f1-score": 0.9732988802756245,
      "support": 2306.0
    },
    "VLY": {
      "precision": 0.5932203389830508,
      "recall": 0.330188679245283,
      "f1-score": 0.42424242424242425,
      "support": 106.0
    },
    "accuracy": 0.92,
    "macro avg": {
      "precision": 0.6910459773528453,
      "recall": 0.6087096576036748,
      "f1-score": 0.6392928769060902,
      "support": 5350.0
    },
    "weighted avg": {
      "precision": 0.9111805326520626,
      "recall": 0.92,
      "f1-score": 0.9135142585155167,
      "support": 5350.0
    }
  },
  "run_name": "deit_small_holdout",
  "timestamp": "2026-07-02T04:13:26"
}