{
  "mode": "kfold",
  "k": 5,
  "tta": true,
  "fold_macro_f1": [
    0.63203813419987,
    0.6600482517673012,
    0.6485208065544589,
    0.6738849805079856,
    0.6953468619691469
  ],
  "mean_macro_f1": 0.6619678069997526,
  "std_macro_f1": 0.02161699406600913,
  "oof_macro_f1": 0.667440151357641,
  "folds": [
    {
      "fold": 0,
      "n_val": 7707,
      "macro_f1": 0.63203813419987,
      "report": {
        "BA": {
          "precision": 0.9532710280373832,
          "recall": 0.918918918918919,
          "f1-score": 0.9357798165137615,
          "support": 111.0
        },
        "BL": {
          "precision": 0.8392226148409894,
          "recall": 0.8861940298507462,
          "f1-score": 0.8620689655172413,
          "support": 536.0
        },
        "BNE": {
          "precision": 0.5,
          "recall": 0.04807692307692308,
          "f1-score": 0.08771929824561403,
          "support": 104.0
        },
        "EO": {
          "precision": 0.9852941176470589,
          "recall": 0.8739130434782608,
          "f1-score": 0.9262672811059908,
          "support": 230.0
        },
        "LY": {
          "precision": 0.9566028931404573,
          "recall": 0.9490740740740741,
          "f1-score": 0.9528236114338834,
          "support": 2160.0
        },
        "MMY": {
          "precision": 0.35294117647058826,
          "recall": 0.375,
          "f1-score": 0.36363636363636365,
          "support": 96.0
        },
        "MO": {
          "precision": 0.815230961298377,
          "recall": 0.8908594815825375,
          "f1-score": 0.8513689700130378,
          "support": 733.0
        },
        "MY": {
          "precision": 0.6935483870967742,
          "recall": 0.3644067796610169,
          "f1-score": 0.4777777777777778,
          "support": 118.0
        },
        "PC": {
          "precision": 0.7692307692307693,
          "recall": 0.5555555555555556,
          "f1-score": 0.6451612903225806,
          "support": 18.0
        },
        "PLY": {
          "precision": 0.0,
          "recall": 0.0,
          "f1-score": 0.0,
          "support": 3.0
        },
        "PMY": {
          "precision": 0.5806451612903226,
          "recall": 0.6,
          "f1-score": 0.5901639344262295,
          "support": 30.0
        },
        "SNE": {
          "precision": 0.95917225950783,
          "recall": 0.9881878421204264,
          "f1-score": 0.9734638853412799,
          "support": 3471.0
        },
        "VLY": {
          "precision": 0.5652173913043478,
          "recall": 0.5360824742268041,
          "f1-score": 0.5502645502645502,
          "support": 97.0
        },
        "accuracy": 0.9179966264434929,
        "macro avg": {
          "precision": 0.6900289815280691,
          "recall": 0.6143283940419433,
          "f1-score": 0.63203813419987,
          "support": 7707.0
        },
        "weighted avg": {
          "precision": 0.9120514036009473,
          "recall": 0.9179966264434929,
          "f1-score": 0.9112664798079202,
          "support": 7707.0
        }
      }
    },
    {
      "fold": 1,
      "n_val": 7707,
      "macro_f1": 0.6600482517673012,
      "report": {
        "BA": {
          "precision": 0.9439252336448598,
          "recall": 0.9099099099099099,
          "f1-score": 0.926605504587156,
          "support": 111.0
        },
        "BL": {
          "precision": 0.8992395437262357,
          "recall": 0.8808193668528864,
          "f1-score": 0.889934148635936,
          "support": 537.0
        },
        "BNE": {
          "precision": 0.3111111111111111,
          "recall": 0.1346153846153846,
          "f1-score": 0.18791946308724833,
          "support": 104.0
        },
        "EO": {
          "precision": 0.9627906976744186,
          "recall": 0.9,
          "f1-score": 0.9303370786516854,
          "support": 230.0
        },
        "LY": {
          "precision": 0.9562043795620438,
          "recall": 0.9703703703703703,
          "f1-score": 0.9632352941176471,
          "support": 2160.0
        },
        "MMY": {
          "precision": 0.4375,
          "recall": 0.4375,
          "f1-score": 0.4375,
          "support": 96.0
        },
        "MO": {
          "precision": 0.8835078534031413,
          "recall": 0.9221311475409836,
          "f1-score": 0.9024064171122995,
          "support": 732.0
        },
        "MY": {
          "precision": 0.6666666666666666,
          "recall": 0.6271186440677966,
          "f1-score": 0.6462882096069869,
          "support": 118.0
        },
        "PC": {
          "precision": 0.875,
          "recall": 0.7777777777777778,
          "f1-score": 0.8235294117647058,
          "support": 18.0
        },
        "PLY": {
          "precision": 0.0,
          "recall": 0.0,
          "f1-score": 0.0,
          "support": 3.0
        },
        "PMY": {
          "precision": 0.391304347826087,
          "recall": 0.3,
          "f1-score": 0.33962264150943394,
          "support": 30.0
        },
        "SNE": {
          "precision": 0.9675141242937854,
          "recall": 0.9867473350619418,
          "f1-score": 0.9770360861503352,
          "support": 3471.0
        },
        "VLY": {
          "precision": 0.6527777777777778,
          "recall": 0.4845360824742268,
          "f1-score": 0.5562130177514792,
          "support": 97.0
        },
        "accuracy": 0.9312313481250811,
        "macro avg": {
          "precision": 0.6882724412066251,
          "recall": 0.6408866168208676,
          "f1-score": 0.6600482517673012,
          "support": 7707.0
        },
        "weighted avg": {
          "precision": 0.9242650483263237,
          "recall": 0.9312313481250811,
          "f1-score": 0.9269414647513085,
          "support": 7707.0
        }
      }
    },
    {
      "fold": 2,
      "n_val": 7707,
      "macro_f1": 0.6485208065544589,
      "report": {
        "BA": {
          "precision": 0.9210526315789473,
          "recall": 0.9459459459459459,
          "f1-score": 0.9333333333333333,
          "support": 111.0
        },
        "BL": {
          "precision": 0.889943074003795,
          "recall": 0.8733705772811918,
          "f1-score": 0.881578947368421,
          "support": 537.0
        },
        "BNE": {
          "precision": 0.4489795918367347,
          "recall": 0.20952380952380953,
          "f1-score": 0.2857142857142857,
          "support": 105.0
        },
        "EO": {
          "precision": 0.9557522123893806,
          "recall": 0.9432314410480349,
          "f1-score": 0.9494505494505494,
          "support": 229.0
        },
        "LY": {
          "precision": 0.9436875567665758,
          "recall": 0.962037037037037,
          "f1-score": 0.9527739569005044,
          "support": 2160.0
        },
        "MMY": {
          "precision": 0.41935483870967744,
          "recall": 0.40625,
          "f1-score": 0.4126984126984127,
          "support": 96.0
        },
        "MO": {
          "precision": 0.8777923784494087,
          "recall": 0.912568306010929,
          "f1-score": 0.8948425987943738,
          "support": 732.0
        },
        "MY": {
          "precision": 0.6063829787234043,
          "recall": 0.48717948717948717,
          "f1-score": 0.5402843601895735,
          "support": 117.0
        },
        "PC": {
          "precision": 0.8181818181818182,
          "recall": 0.5,
          "f1-score": 0.6206896551724138,
          "support": 18.0
        },
        "PLY": {
          "precision": 0.0,
          "recall": 0.0,
          "f1-score": 0.0,
          "support": 3.0
        },
        "PMY": {
          "precision": 0.5217391304347826,
          "recall": 0.4,
          "f1-score": 0.4528301886792453,
          "support": 30.0
        },
        "SNE": {
          "precision": 0.9683168316831683,
          "recall": 0.986171132238548,
          "f1-score": 0.9771624322009705,
          "support": 3471.0
        },